circRNA,disease
cANRIL,atherosclerosis
CDR1as/ciRS-7/hsa_circ_0001946,alzheimer's disease
CDR1as/ciRS-7/hsa_circ_0001946,colorectal cancer
CDR1as/ciRS-7/hsa_circ_0001946,gastric cancer
CDR1as/ciRS-7/hsa_circ_0001946,glioblastoma
CDR1as/ciRS-7/hsa_circ_0001946,hepatocellular carcinoma
CDR1as/ciRS-7/mmu_circ_0001878,diabetes mellitus
CDR1as/ciRS-7/mmu_circ_0001878,myocardial infarction
chr11:34060062|34073206,cardiovascular disease
chr18:107887-108499,glioblastoma
chr19:5761476-5761630,glioblastoma
Chr22: 28943661,bladder cancer
chr4:103501692-103504114,glioblastoma
Chr5: 158368701,bladder cancer
chr5:90817794|90827570,cardiovascular disease
chr6:22033342|22038870,cardiovascular disease
chr8:71336875|71337745,cardiovascular disease
Chr9: 74522734,bladder cancer
circ_0002198/hsa_circ_0002198,ovarian endometriosis
circ_0004712/hsa_circ_0004712,ovarian endometriosis
Circ_ADCY1,glioma
Circ_BEND6,glioma
Circ_CEP192,glioma
Circ_CORO1C,glioma
Circ_CRKL,glioma
Circ_EML5,glioma
Circ_ERC1,glioma
Circ_ETFA,glioma
Circ_FKBP8,glioma
Circ_HIPK3,glioma
Circ_KCNN2,glioma
Circ_MAN1A2,glioma
Circ_MCTP1,glioma
Circ_MED12L,glioma
Circ_R3HDM1,glioma
Circ_RIMS1,glioma
Circ_RNF10,glioma
Circ_SAFB2,glioma
Circ_SLC8A1,glioma
Circ_SMARCA5,glioma
Circ_STXBP5L,glioma
Circ_UNC79,glioma
Circ_VCAN,glioma
Circ_ZNF148,glioma
circ0817,colorectal cancer
Circ-104916,gastric cancer
circ3204,colorectal cancer
circ6229,colorectal cancer
circ7374,colorectal cancer
circ7780,colorectal cancer
circABCB10/hsa_circ_0008717,breast cancer
circAmotl1/hsa_circ_0004214,breast cancer
circANRIL,atherosclerosis
circARHGAP5,colon cancer
CircARSP91/hsa_circ_0085154,hepatocellular carcinoma
circATP2B1/hsa_circ_000826/hsa_circ_0000426,clear cell renal cell carcinoma
circ-BANP,colorectal cancer
circBC048201/hsa_circ_0061265,bladder cancer
circBCL11B,breast cancer
circBRAF/hsa_circ_0006460,glioblastoma
circBRIP,breast cancer
circC3P1,hepatocellular carcinoma
Circ-CER/circRNA_100876/hsa_circ_0023404,osteoarthritis
circDENND4C,breast cancer
CircDOCK1/hsa_circ_100721,oral squamous cell carcinoma
circEKL4/hsa_circ_0000175,lupus nephritis
circETFA,breast cancer
circFAM169A/hsa_circ_0007158,bladder cancer
circFAM188A/hsa_circ_0000219,lupus nephritis
circFAT1,colon cancer
circ-FBXW7,glioma
circ-Foxo3,breast cancer
circ-Foxo3,non-small cell lung cancer
circFUT8/hsa_circRNA_101368/hsa_circ_0003028,liver cancer
circHECTD1,silicosis
circHECTD1/mmu_circ_0000375/mm9_circ_002888,silicosis
circHLA-C,lupus nephritis
circIPO11/hsa_circRNA_103847/hsa_circ_0007915,liver cancer
circ-KLDHC10/hsa_circ_0082333,colorectal cancer
circLARP4,gastric cancer
circ-LDLRAD3/hsa_circ_0006988,pancreatic cancer
circMAN2B2/hsa_circRNA_103595,lung cancer
circMED13,breast cancer
circMTO1/hsa_circRNA_0007874/hsa_circRNA_104135,hepatocellular carcinoma
circMylk/circRNA-MYLK/hsa_circ_0002768,bladder cancer
circ-NT5C2/hsa_circ_0092509,osteosarcoma
circOLA,breast cancer
circPDE4B/hsa_circ_0008433,lupus nephritis
circPRKCI/hsa_circ_0067934,lung adenocarcinoma
circPTK2/hsa_circ_0005273,bladder cancer
circPVT1/hsa_circ_0001821,breast cancer
circPVT1/hsa_circ_0001821,gastric cancer
circPVT1/hsa_circ_0001821,lung cancer
circPVT1/hsa_circ_0001821,osteosarcoma
circRHOBTB3,colon cancer
circRNA BCRC4/hsa_circ_001598/hsa_circ_0001577,bladder cancer
circRNA.1030,gestational diabetes mellitus
circRNA.20159,gestational diabetes mellitus
circRNA.22054,gestational diabetes mellitus
circRNA.33299,gestational diabetes mellitus
circRNA.37134,gestational diabetes mellitus
circRNA.5333,gestational diabetes mellitus
circRNA_0001073/hsa_circ_0001073,acne
circRNA_000167/hsa_circ_0000518,esophageal cancer
circRNA_0005941/hsa_circ_0005941,acne
circRNA_000695/hsa_circ_0001336,esophageal cancer
circRNA_00074,pulmonary tuberculosis
circRNA_000839,hepatocellular carcinoma
circRNA_001059/hsa_circ_0000554,esophageal cancer
circRNA_0018168/hsa_circ_0018168,acne
circRNA_002279/mm9_circ_002279,nonalcoholic steatohepatitis
circRNA_002581/mm9_circ_002581/mmu_circ_0001351,nonalcoholic steatohepatitis
circRNA_003524,rheumatoid arthritis
circRNA_0046366,hepatic steatosis
circRNA_004772/mm9_circ_004772,nonalcoholic steatohepatitis
circRNA_007585/mm9_circ_007585/mmu_circ_0001046,nonalcoholic steatohepatitis
circRNA_008472/mm9_circ_008472,nonalcoholic steatohepatitis
circRNA_0084927/hsa_circ_0084927,acne
circRNA_0086376/hsa_circ_0086376,acne
circRNA_012164/mm9_circ_012164,nonalcoholic steatohepatitis
circRNA_05538,pulmonary tuberculosis
circRNA_081881,myocardial infarction
circRNA_092516,rheumatoid arthritis
circRNA_09585,pulmonary tuberculosis
circRNA_09993,pulmonary tuberculosis
circRNA_100269,gastric cancer
circRNA_100367/hsa_circ_0014879,esophageal cancer
circRNA_100782,pancreatic ductal adenocarcinoma
circRNA_100984/hsa_circ_0002019,esophageal cancer
circRNA_101419/hsa_circ_0032832,esophageal cancer
circRNA_101873,rheumatoid arthritis
circRNA_101877/hsa_circ_0004519,esophageal cancer
circRNA_102231,lung cancer
circRNA_102913/hsa_circ_0058058,esophageal cancer
circRNA_103047,rheumatoid arthritis
circRNA_104871,rheumatoid arthritis
circRNA_104983/hsa_circ_0089974,esophageal cancer
circRNA_13478,pulmonary tuberculosis
circRNA_14623,pulmonary tuberculosis
circRNA_Atp9b/circ_15898,osteoarthritis
circRNA-000284,cervical cancer
circRNA0003906,colorectal cancer
circRNA-000911,breast cancer
circRNA-001175,breast cancer
circRNA-001283,breast cancer
circRNA0047905/hsa_circ_0047905,gastric cancer
circRNA0138960/has-circRNA7690-15,gastric cancer
circRNA0138960/hsa_circ_0138960,gastric cancer
circRNA-100438,breast cancer
circRNA120,esophageal squamous cell carcinoma
circRNA167,esophageal squamous cell carcinoma
circRNA2918,esophageal squamous cell carcinoma
circRNA3341,esophageal squamous cell carcinoma
circRNA3594,esophageal squamous cell carcinoma
circRNA3703,esophageal squamous cell carcinoma
circRNA3706,esophageal squamous cell carcinoma
circRNA3707,esophageal squamous cell carcinoma
circRNA378,esophageal squamous cell carcinoma
circRNA4628,esophageal squamous cell carcinoma
circRNA5669,esophageal squamous cell carcinoma
circRNA666,esophageal squamous cell carcinoma
circRNA7534,esophageal squamous cell carcinoma
circRNA7535,esophageal squamous cell carcinoma
circRNA7536,esophageal squamous cell carcinoma
circRNA7537,esophageal squamous cell carcinoma
circRNA7673,esophageal squamous cell carcinoma
circRNA7674,esophageal squamous cell carcinoma
circRNA7675,esophageal squamous cell carcinoma
circRNA7676,esophageal squamous cell carcinoma
circRNA7679,esophageal squamous cell carcinoma
circRNA8505,esophageal squamous cell carcinoma
circRNA8506,esophageal squamous cell carcinoma
circRNA8507,esophageal squamous cell carcinoma
circRNA904,esophageal squamous cell carcinoma
circRNA9227,esophageal squamous cell carcinoma
circRNA9652,esophageal squamous cell carcinoma
circRNA9656,esophageal squamous cell carcinoma
circRNA9658,esophageal squamous cell carcinoma
circRNA9671,esophageal squamous cell carcinoma
circRNA9771,esophageal squamous cell carcinoma
circRNA9777,esophageal squamous cell carcinoma
circRNA-MSR/hsa_circ_0005567,osteoarthritis
circRTN4,colon cancer
circ-SHKBP1,glioma
CircSLC8A1-1,heart disease
circSMARC1A,colon cancer
circSMARCA5/hsa_circ_0001445,glioblastoma multiforme
circSMARCA5/hsa_circ_0001445,hepatocellular carcinoma
circSMARCA5/hsa_circ_0001445,prostate cancer
circSP100/hsa_circ_0003922,lupus nephritis
circTCF25/hsa_circ_0041103,bladder cancer
circTRIM24/hsa_circ_0082582,bladder cancer
circTTBK2/hsa_circ_0000594,glioma
circUBAP2,lung cancer
circUBAP2,osteosarcoma
circUBR5/hsa_circ_0001819,lupus nephritis
circVMA21/hsa_circ_0091702,intervertebral disc degeneration
circVRK1,breast cancer
circWDR77/hsa_circ_0013509,cardiovascular disease
circZC3H4/mmu_circ_0001544,silicosis
circ-ZFR,gastric cancer
circZFR/hsa_circ_0072088,bladder cancer
circZFR/hsa_circRNA_103809/hsa_circ_10072088,liver cancer
circZKSCAN1/hsa_circ_0001727,hepatocellular carcinoma
circZNF609/hsa_circ_0000615,lupus nephritis
Circ-ZNF609/hsa_circ_0000615,hirschsprung disease
cir-GLI2/hsa_circ_0056288,osteosarcoma
Cir-ITCH/hsa_circ_0001141/hsa_circ_001763,bladder cancer
Cir-ITCH/hsa_circ_0001141/hsa_circ_001763,colorectal cancer
Cir-ITCH/hsa_circ_0001141/hsa_circ_001763,esophageal squamous cell carcinoma
Cir-ITCH/hsa_circ_0001141/hsa_circ_001763,hepatocellular carcinoma
Cir-ITCH/hsa_circ_0001141/hsa_circ_001763,lung cancer
cZNF609/hsa_circ_0000615,coronary artery disease
cZNF609/hsa_circ_0000615,diabetic retinopathy
cZNF609/hsa_circ_0000615,hypertension
DTNA/hsa_circ_0108308,multiple system atrophy
EFCAB11/hsa_circ_0032891,multiple system atrophy
Fusion-circRNAs/f-circRNA(f-circPR，f-circM9),acute promyelocytic leukemia
GSDMB ecircRNA/hsa_circ_0106803,multiple sclerosis
has-circRNA_0046367,hepatic steatosis
HRCR/mm9-circ-012559/mmu_circ_0000254,hypertrophic cardiomyopathy
hsa circ 0031288/circPABPN1,cervical carcinoma
hsa_ circRNA_005086,tuberculosis
hsa_ circRNA_104387,diabetic retinopathy
hsa_circ_0000026,gastric cancer
hsa_circ_0000064,lung cancer
hsa_circ_0000069,colorectal cancer
hsa_circ_0000096/circHIAT1/hsa_circ_001013,clear cell renal cell carcinoma
hsa_circ_0000096/circHIAT1/hsa_circ_001013,gastric cancer
hsa_circ_0000098,breast cancer
hsa_circ_0000140/hsa_circ_002059,gastric cancer
hsa_circ_0000144,gastric cancer
hsa_circ_0000172,bladder cancer
hsa_circ_0000181,gastric cancer
hsa_circ_0000190,gastric cancer
hsa_circ_0000199,glioblastoma
hsa_circ_0000257,pancreatic ductal adenocarcinoma
hsa_circ_0000284/circHIPK3,bladder cancer
hsa_circ_0000284/circHIPK3,bladder urothelial carcinoma
hsa_circ_0000284/circHIPK3,breast cancer
hsa_circ_0000284/circHIPK3,colorectal cancer
hsa_circ_0000284/circHIPK3,diabetes mellitus
hsa_circ_0000284/circHIPK3,gastric cancer
hsa_circ_0000284/circHIPK3,hepatocellular carcinoma
hsa_circ_0000284/circHIPK3,prostate adenocarcinoma
hsa_circ_0000414,pulmonary tuberculosis
hsa_circ_0000504,colorectal cancer
hsa_circ_0000517,multiple sclerosis
hsa_circ_0000518,multiple sclerosis
hsa_circ_0000519,multiple sclerosis
hsa_circ_0000520,gastric cancer
hsa_circ_0000520,multiple sclerosis
hsa_circ_0000567,colorectal cancer
hsa_circ_0000615/MICRA,myocardial infarction
hsa_circ_0000673,ovarian endometriosis
hsa_circ_0000677/hsa_circ_001569/circABCC,colorectal cancer
hsa_circ_0000681,pulmonary tuberculosis
hsa_circ_0000732,breast cancer
hsa_circ_0000745,gastric cancer
hsa_circ_0000893,breast cancer
hsa_circ_0000911,breast cancer
hsa_circ_0000977,pancreatic ductal adenocarcinoma
hsa_circ_0000981,breast cancer
hsa_circ_0001017,gastric cancer
hsa_circ_0001187,cervical carcinoma
hsa_circ_0001189,hypopharyngeal squamous cell carcinoma
hsa_circ_0001204 ,tuberculosis
hsa_circ_0001212,cervical carcinoma
hsa_circ_0001283,breast cancer
hsa_circ_0001313/circCCDC66,breast cancer
hsa_circ_0001313/circCCDC66,cervical cancer
hsa_circ_0001313/circCCDC66,colorectal cancer
hsa_circ_0001313/circCCDC66,pancreatic cancer
hsa_circ_0001400,multiple sclerosis
hsa_circ_0001417,tuberculosis
hsa_circ_0001561,gastric cancer
hsa_circ_0001564,osteosarcoma
hsa_circ_0001566,glioblastoma
hsa_circ_0001649,cholangiocarcinoma
hsa_circ_0001649,colorectal cancer
hsa_circ_0001649,gastric cancer
hsa_circ_0001649,glioma
hsa_circ_0001649,hepatocellular carcinoma
hsa_circ_0001666,pancreatic ductal adenocarcinoma
hsa_circ_0001667,breast cancer
hsa_circ_0001721,breast cancer
hsa_circ_0001785,breast cancer
hsa_circ_0001859,rheumatoid arthritis
hsa_circ_0001895/circPRRC2B/hsa_circ_000760,gastric cancer
hsa_circ_0001946,pancreatic ductal adenocarcinoma
hsa_circ_0001982,breast cancer
hsa_circ_0002024,bladder cancer
hsa_circ_0002113,breast cancer
hsa_circ_0002113,pulmonary tuberculosis
hsa_circ_0002161,essential hypertension
hsa_circ_0002260,hypopharyngeal squamous cell carcinoma
hsa_circ_0002343,cervical carcinoma
hsa_circ_0002362,pulmonary tuberculosis
hsa_circ_0002495,bladder cancer
hsa_circ_0002577,endometrial cancer
hsa_circ_0002874,breast cancer
hsa_circ_0002908,pulmonary tuberculosis
hsa_circ_0002968,glioblastoma
hsa_circ_0003159,gastric cancer
hsa_circ_0003221/circPTK2,bladder cancer
hsa_circ_0003570,hepatocellular carcinoma
hsa_circ_0003575,atherosclerosis
hsa_circ_0003586,glioblastoma
hsa_circ_0003707,gastric cancer
hsa_circ_0003838,breast cancer
hsa_circ_0004018,hepatocellular carcinoma
hsa_circ_0004136,acute myeloid leukemia
hsa_circ_0004277,acute myeloid leukemia
hsa_circ_0004383/cZNF292,glioma
hsa_circ_0004872,glioblastoma
hsa_circ_0005075,hepatocellular carcinoma
hsa_circ_0005105,osteoarthritis
hsa_circ_0005397,pancreatic ductal adenocarcinoma
hsa_circ_0005402,multiple sclerosis
hsa_circ_0005529,gastric cancer
hsa_circ_0005603,glioblastoma
hsa_circ_0005785,pancreatic ductal adenocarcinoma
hsa_circ_0005870,hypertension
hsa_circ_0005912,basal cell carcinoma
hsa_circ_0005927,gastric cancer
hsa_circ_0005931,hepatoblastoma
hsa_circ_0005986,hepatocellular carcinoma
hsa_circ_0006022,gastric cancer
hsa_circ_0006127,gastric cancer
hsa_circ_0006174,colorectal cancer
hsa_circ_0006220,pancreatic ductal adenocarcinoma
hsa_circ_0006411,glioblastoma
hsa_circ_0006528,breast cancer
hsa_circ_0006633,gastric cancer
hsa_circ_0006913,pancreatic ductal adenocarcinoma
hsa_circ_0007006,colorectal cancer
hsa_circ_0007031,colorectal cancer
hsa_circ_0007385,non-small cell lung cancer
hsa_circ_0007386,cervical carcinoma
hsa_circ_0007534,breast cancer
hsa_circ_0007534,colorectal cancer
hsa_circ_0007534,glioma
hsa_circ_0007928,cervical carcinoma
hsa_circ_0008305,intervertebral disc degeneration
hsa_circ_0008345,glioblastoma
hsa_circ_0008509,colorectal cancer
hsa_circ_0008719,pancreatic ductal adenocarcinoma
hsa_circ_0008732,basal cell carcinoma
hsa_circ_0008797,pulmonary tuberculosis
hsa_circ_0008844,cervical carcinoma
hsa_circ_0008945,breast cancer
hsa_circ_000984/hsa_circ_0001724,colorectal cancer
hsa_circ_0009910,osteosarcoma
hsa_circ_0011021,cervical cancer
hsa_circ_0011946,breast cancer
hsa_circ_0012673,lung adenocarcinoma
hsa_circ_0013958,lung adenocarcinoma
hsa_circ_0014130,non-small cell lung cancer
hsa_circ_0014717,colorectal cancer
hsa_circ_0014717,gastric cancer
hsa_circ_0015756,hepatoblastoma
hsa_circ_0016347,osteosarcoma
hsa_circ_0016760,non-small cell lung cancer
hsa_circ_0017446,acute myeloid leukemia
hsa_circ_0017515,hepatoblastoma
hsa_circ_0018289,cervical cancer
hsa_circ_0018293,breast cancer
hsa_circ_0018508,type 2 diabetes mellitus
hsa_circ_001988/hsa_circ_0001451,colorectal cancer
hsa_circ_0020397,colorectal cancer
hsa_circ_0023110,hepatoblastoma
hsa_circ_0023114,hepatoblastoma
hsa_circ_0023115,ovarian endometriosis
hsa_circ_0023117,hepatoblastoma
hsa_circ_0023404/circRNA_100876/circ-CER,non-small cell lung cancer
hsa_circ_0024108,hypopharyngeal squamous cell carcinoma
hsa_circ_0024892,multiple sclerosis
hsa_circ_0026143,ovarian endometriosis
hsa_circ_0030045,tuberculosis
hsa_circ_0030569,tuberculosis
hsa_circ_0031979,gastric cancer
hsa_circ_0032821,gastric cancer
hsa_circ_0034912,cervical cancer
hsa_circ_0035381,acute myeloid leukemia
hsa_circ_0035431,gastric cancer
hsa_circ_0035560,multiple sclerosis
hsa_circ_0036722,hypopharyngeal squamous cell carcinoma
hsa_circ_0037911,essential hypertension
hsa_circ_0040081,hepatoblastoma
hsa_circ_0041150,pancreatic ductal adenocarcinoma
hsa_circ_0041731,hepatoblastoma
hsa_circ_0041946,intervertebral disc degeneration
hsa_circ_0043256,non-small cell lung cancer
hsa_circ_0043278,pancreatic ductal adenocarcinoma
hsa_circ_0043497,tuberculosis
hsa_circ_0043534,hepatoblastoma
hsa_circ_0045510,hepatoblastoma
hsa_circ_0045714,osteoarthritis
hsa_circ_0046701,glioma
hsa_circ_0048232,colorectal cancer
hsa_circ_0054633,type 2 diabetes mellitus
hsa_circ_0056731,multiple sclerosis
hsa_circ_0057336,hepatoblastoma
hsa_circ_0058058,acute myeloid leukemia
hsa_circ_0058106,hypopharyngeal squamous cell carcinoma
hsa_circ_0058107,hypopharyngeal squamous cell carcinoma
hsa_circ_0058246,gastric cancer
hsa_circ_006054/hsa_circ_0006054,breast cancer
hsa_circ_0061274,gastric cancer
hsa_circ_0061276,gastric cancer
hsa_circ_0062163,hepatoblastoma
hsa_circ_0062557,ovarian endometriosis
hsa_circ_0063179,pulmonary tuberculosis
hsa_circ_0066077,hepatoblastoma
hsa_circ_0067531,hepatocellular carcinoma
hsa_circ_0067745,hepatoblastoma
hsa_circ_0067934,esophageal squamous cell carcinoma
hsa_circ_0067934,hepatocellular carcinoma
hsa_circ_0068033,breast cancer
hsa_circ_0068087,type 2 diabetes mellitus
hsa_circ_0069131,gastric cancer
hsa_circ_0069399,cervical carcinoma
hsa_circ_0072359,hepatoblastoma
hsa_circ_0074362,gastric cancer
hsa_circ_0074930,colorectal cancer
hsa_circ_0075001/circNPM1,acute myeloid leukemia
hsa_circ_0075829,basal cell carcinoma
hsa_circ_0076304,gastric cancer
hsa_circ_0076305,gastric cancer
hsa_circ_0078297,pancreatic ductal adenocarcinoma
hsa_circ_0078710,hepatoblastoma
hsa_circ_0079549,hepatoblastoma
hsa_circ_0080210/circ-GRB10,intervertebral disc degeneration
hsa_circ_0082081,coronary artery disease
hsa_circ_0084021,colorectal cancer
hsa_circ_0085495,breast cancer
hsa_circ_0085553,gastric cancer
hsa_circ_0085616,gastric cancer
hsa_circ_0086241,breast cancer
hsa_circ_0087432,cervical cancer
hsa_circ_0089231,cervical cancer
hsa_circ_0089548,gastric cancer
hsa_circ_0091017,bladder cancer
hsa_circ_0091742,gastric cancer
hsa_circ_0091822,cervical cancer
hsa_circ_0092276,breast cancer
hsa_circ_0092341,gastric cancer
hsa_circ_0093859,breast cancer
hsa_circ_0098964,coronary artery disease
hsa_circ_0108942,breast cancer
hsa_circ_0109046,endometrial cancer
hsa_circ_0113854,coronary artery disease
hsa_circ_0124644,coronary artery disease
hsa_circ_100219/hsa_circ_0004619,breast cancer
hsa_circ_100226/hsa_circ_0046599,systemic lupus erythematosus
hsa_circ_100775/hsa_circ_0021549,systemic lupus erythematosus
hsa_circ_101222/hsa_circ_0029601,pre-eclampsia
hsa_circ_101396,leukoaraiosis
hsa_circ_101471/hsa_circ_0034398,systemic lupus erythematosus
hsa_circ_101555/hsa_circ_0001955,cutaneous squamous cell carcinoma
hsa_circ_101889/hsa_circ_0040705,systemic lupus erythematosus
hsa_circ_102470,leukoaraiosis
hsa_circ_102533 ,leukoaraiosis
hsa_circ_102571/hsa_circ_0008615,systemic lupus erythematosus
hsa_circ_102584/hsa_circ_0003146,systemic lupus erythematosus
hsa_circ_103110/hsa_circ_0004771,breast cancer
hsa_circ_103736/hsa_circ_0070933,cutaneous squamous cell carcinoma
hsa_circ_103737/hsa_circ_0070934,cutaneous squamous cell carcinoma
hsa_circ_103783,leukoaraiosis
hsa_circ_104689/hsa_circ_0001824,breast cancer
hsa_circ_104807/hsa_circ_0001866,systemic lupus erythematosus
hsa_circ_104821/hsa_circ_0001875,breast cancer
hsa_circ_400011/hsa_circ_0092374,systemic lupus erythematosus
hsa_circ_406697,breast cancer
hsa_circRNA 102049,hepatocellular carcinoma
hsa_circRNA_ 100192,diabetic retinopathy
hsa_circRNA_ 404457,diabetic retinopathy
hsa_circRNA_000167,pancreatic cancer
hsa_circRNA_000367,hepatic steatosis
hsa_circRNA_000543,gastric cancer
hsa_circRNA_000598,osteoarthritis
hsa_circRNA_000792,gastric cancer
hsa_circRNA_001066,gastric cancer
hsa_circRNA_001379/hsa_circ_0000516,papillary thyroid carcinoma
hsa_circRNA_001937,tuberculosis
hsa_circRNA_001959,gastric cancer
hsa_circRNA_002082,hepatic steatosis
hsa_circRNA_002143/hsa_circ_0001907,major depressive disorder
hsa_circRNA_002271/hsa_circ_0002271,thoracic aortic dissection
hsa_circRNA_004121,hepatic steatosis
hsa_circRNA_004183,hepatic steatosis
hsa_circRNA_005525/hsa_circ_0005525,thoracic aortic dissection
hsa_circRNA_006411,lung adenocarcinoma
hsa_circRNA_007850,hepatic steatosis
hsa_circRNA_009024,tuberculosis
hsa_circRNA_014724,hepatic steatosis
hsa_circRNA_050898/hsa_circ_0050898,moyamoya disease
hsa_circRNA_051239/hsa_circ_0051239,infantile hemangioma
hsa_circRNA_063981,diabetic retinopathy
hsa_circRNA_067209/hsa_circ_0067209,moyamoya disease
hsa_circRNA_100241,osteosarcoma
hsa_circRNA_100258,osteosarcoma
hsa_circRNA_100269,gastric cancer
hsa_circRNA_100338/circSNX27,hepatocellular carcinoma
hsa_circRNA_100395/hsa_circ_0015278,papillary thyroid carcinoma
hsa_circRNA_100433,pancreatic cancer
hsa_circRNA_100679/hsa_circ_0005620 ,major depressive disorder
hsa_circRNA_100709/hsa_circ_0003570,infantile hemangioma
hsa_circRNA_100750,diabetic retinopathy
hsa_circRNA_100777/hsa_circ_0021553,papillary thyroid carcinoma
hsa_circRNA_100782/circHIPK3/hsa_circ_0000284,non-small cell lung cancer
hsa_circRNA_100782/circHIPK3/hsa_circ_0000284,pre-eclampsia
hsa_circRNA_100914/hsa_circ_0023903,moyamoya disease
hsa_circRNA_100933/hsa_circ_0023984,infantile hemangioma
hsa_circRNA_101113,osteosarcoma
hsa_circRNA_101238/hsa_circ_0004372,thoracic aortic dissection
hsa_circRNA_101308,gastric cancer
hsa_circRNA_101356/hsa_circ_0004846,papillary thyroid carcinoma
hsa_circRNA_101407/hsa_circ_0032683,rheumatoid arthritis
hsa_circRNA_101717,pancreatic cancer
hsa_circRNA_101720/hsa_circ_0002078,moyamoya disease
hsa_circRNA_101975,osteoarthritis
hsa_circRNA_102002/hsa_circ_0003505,papillary thyroid carcinoma
hsa_circRNA_102039/hsa_circ_0043138,infantile hemangioma
hsa_circRNA_102049,osteosarcoma
hsa_circRNA_102049,pancreatic cancer
hsa_circRNA_102051,pancreatic cancer
hsa_circRNA_102101,tuberculosis
hsa_circRNA_102116/hsa_circ_0003258,infantile hemangioma
hsa_circRNA_102485,osteosarcoma
hsa_circRNA_102594/hsa_circ_0052012,rheumatoid arthritis
hsa_circRNA_102619,pancreatic cancer
hsa_circRNA_102678,osteosarcoma
hsa_circRNA_102682/circCRIM1/hsa_circ_0005442,pre-eclampsia
hsa_circRNA_102683/hsa_circ_0007386,thoracic aortic dissection
hsa_circRNA_102771/hsa_circ_0055377,thoracic aortic dissection
hsa_circRNA_102802/hsa_circ_0056048,major depressive disorder
hsa_circRNA_103076,pancreatic cancer
hsa_circRNA_103110,osteosarcoma
hsa_circRNA_103110/hsa_circ_0004771,papillary thyroid carcinoma
hsa_circRNA_103307/hsa_circ_0064557,papillary thyroid carcinoma
hsa_circRNA_103309,osteosarcoma
hsa_circRNA_103334/hsa_circ_0064996,rheumatoid arthritis
hsa_circRNA_103343/hsa_circ_0002569,moyamoya disease
hsa_circRNA_103387,osteoarthritis
hsa_circRNA_103390,pancreatic cancer
hsa_circRNA_103410,diabetic retinopathy
hsa_circRNA_103454/hsa_circ_0067103,papillary thyroid carcinoma
hsa_circRNA_103458/hsa_circ_0067175,thoracic aortic dissection
hsa_circRNA_103636/hsa_circ_0001410,major depressive disorder
hsa_circRNA_103801,osteosarcoma
hsa_circRNA_103809,colorectal cancer
hsa_circRNA_104075,hepatocellular carcinoma
hsa_circRNA_104084,pancreatic cancer
hsa_circRNA_104194/hsa_circ_0004712,rheumatoid arthritis
hsa_circRNA_104268/hsa_circ_0078738,papillary thyroid carcinoma
hsa_circRNA_104270,pancreatic cancer
hsa_circRNA_104296,tuberculosis
hsa_circRNA_104310/hsa_circ_0079385,infantile hemangioma
hsa_circRNA_104348/hsa_circ_0079891,papillary thyroid carcinoma
hsa_circRNA_104349/hsa_circ_0079929,thoracic aortic dissection
hsa_circRNA_104423,gastric cancer
hsa_circRNA_104433/hsa_circ_0081342,papillary thyroid carcinoma
hsa_circRNA_104565/hsa_circ_0002111,papillary thyroid carcinoma
hsa_circRNA_104566/hsa_circ_0004458,papillary thyroid carcinoma
hsa_circRNA_104593/hsa_circ_0083964,rheumatoid arthritis
hsa_circRNA_104595/hsa_circ_0008016,papillary thyroid carcinoma
hsa_circRNA_104634/hsa_circ_0084615,thoracic aortic dissection
hsa_circRNA_104692,osteosarcoma
hsa_circRNA_104700,colorectal cancer
hsa_circRNA_104820/circFAM120A/hsa_circ_0005218,pre-eclampsia
hsa_circRNA_104892,osteosarcoma
hsa_circRNA_104916,gastric cancer
hsa_circRNA_104953/hsa_circ_0089310,major depressive disorder
hsa_circRNA_104964,tuberculosis
hsa_circRNA_104980,osteosarcoma
hsa_circRNA_105038/hsa_circ_0091894,papillary thyroid carcinoma
hsa_circRNA_400064/hsa_circ_0092315,papillary thyroid carcinoma
hsa_circRNA_400066,gastric cancer
hsa_circRNA_400071,gastric cancer
hsa_circRNA_401977,lung adenocarcinoma
hsa_circRNA_404833,lung adenocarcinoma
hsa_circRNA_406918,diabetic retinopathy
hsa-circRNA11783-2,coronary artery disease
hsa-circRNA11783-2,type 2 diabetes mellitus
hsa-circRNA11806-28,coronary artery disease
hsa-circRNA11806-28,type 2 diabetes mellitus
hsa-circRNA5974-1,coronary artery disease
hsa-circRNA6510-1,coronary artery disease
hsa-circRNA6510-1,type 2 diabetes mellitus
IQCK/hsa_circ_0038374,multiple system atrophy
MAP4K3/hsa_circ_0054211,multiple system atrophy
MCF7_circ_000595,breast cancer
MCTP1/hsa_circ_0005540,multiple system atrophy
MFACR/mm9-circ-016597/mmu_circ_0000290,cardiovascular disease
mmu_circ_0001052/circHIPK3,diabetes mellitus
mmu_circRNA_003540,alzheimer's disease
mmu_circRNA_006173,alzheimer's disease
mmu_circRNA_006229,alzheimer's disease
mmu_circRNA_012180,alzheimer's disease
mmu_circRNA_013699,alzheimer's disease
mmu_circRNA_017963,alzheimer's disease
mmu_circRNA_19423,acute respiratory distress syndrome
mmu_circRNA_30664,acute respiratory distress syndrome
mmu-circRNA-2443,osteoarthritis
mmu-circRNA-2483,osteoarthritis
mmu-circRNA-30365 ,osteoarthritis
mmu-circRNA-33186,osteoarthritis
mmu-circRNA-33736,osteoarthritis
mmu-circRNA-36866,osteoarthritis
mmu-circRNA-7063,osteoarthritis
rno_circRNA_005564 ,acute respiratory distress syndrome
rno_circRNA_006016,hypertension
rno_circRNA_007419,neuropathic pain
rno_circRNA_007512,neuropathic pain
rno_circRNA_008646,neuropathic pain
rno_circRNA_008973,neuropathic pain
rno_circRNA_010489,acute respiratory distress syndrome
rno_circRNA_010913,neuropathic pain
rno_circRNA_011111,neuropathic pain
rno_circRNA_011426,acute respiratory distress syndrome
rno_circRNA_013779,neuropathic pain
rno_circRNA_35215,neuropathic pain
Titin circRNAs/cTtns/RBM20-dependent TTN circRNAs,dilated cardiomyopathy